{
  "questions": [
    { "id": 1, "text": "میری پروفائل کیسے بناؤں؟", "response": "پروفائل بنانے کے لیے 'پروفائل' سیکشن میں جائیں، تمام معلومات بھریں اور 'سیو' پر کلک کریں۔" },
    { "id": 2, "text": "میں ملازمت کے لیے کیسے درخواست دوں؟", "response": "ملازمت کے لیے درخواست دینے کے لیے 'Jobs' میں جائیں، مطلوبہ نوکری منتخب کریں اور 'Apply' پر کلک کریں۔" },
    { "id": 3, "text": "میرے قریب کون سے ملز میں کام ہے؟", "response": "قریبی ملز دیکھنے کے لیے 'Nearby Jobs' سیکشن کھولیں اور دستیاب مواقع دیکھیں۔" },
    { "id": 4, "text": "میں اپنی مہارتیں کیسے اپ ڈیٹ کروں؟", "response": "مہارتیں اپ ڈیٹ کرنے کے لیے 'Skills' سیکشن میں جائیں، نئی مہارتیں شامل کریں اور 'Save' کریں۔" },
    { "id": 5, "text": "کیا میں کسی ٹھیکیدار کی ٹیم میں شامل ہو سکتا ہوں؟", "response": "جی ہاں، 'Contractors' میں جائیں اور ٹیم میں شامل ہونے کے لیے درخواست دیں۔" },
    { "id": 6, "text": "نئی نوکریوں کے بارے میں اطلاع کیسے ملے گی؟", "response": "نئی نوکریوں کی اطلاع کے لیے 'Notifications' آن کریں یا ایپ کی اپ ڈیٹس دیکھیں۔" },
    { "id": 7, "text": "میں اپنی موجودگی کب تک ظاہر کروں؟", "response": "موجودگی ظاہر کرنے کے لیے 'Attendance' سیکشن میں جائیں اور اپنی موجودگی اپ ڈیٹ کریں۔" },
    { "id": 8, "text": "میرے کام کی تنخواہ کب ملے گی؟", "response": "تنخواہ کی تاریخ 'Salary' سیکشن میں دیکھیں یا اپنے کمپنی کے شیڈول کے مطابق۔" },
    { "id": 9, "text": "میں کس طرح ڈیجیٹل معاہدہ دیکھ سکتا ہوں؟", "response": "ڈیجیٹل معاہدہ دیکھنے کے لیے 'Contracts' سیکشن میں جائیں اور متعلقہ معاہدہ کھولیں۔" },
    { "id": 10, "text": "میں اپنی ریٹنگ کیسے دیکھ سکتا ہوں؟", "response": "اپنی ریٹنگ دیکھنے کے لیے 'Profile' یا 'Ratings' سیکشن کھولیں۔" },
    { "id": 11, "text": "کیا میں نوکری چھوڑنا چاہوں تو کیسے کروں؟", "response": "نوکری چھوڑنے کے لیے 'Jobs' سیکشن میں جائیں اور 'Resign' آپشن استعمال کریں۔" },
    { "id": 12, "text": "میں کس طرح اپنی جگہ کا پتہ درست کر سکتا ہوں؟", "response": "اپنی جگہ درست کرنے کے لیے 'Settings' > 'Location' میں جائیں اور درست پتہ درج کریں۔" },
    { "id": 13, "text": "میں کس طرح زیادہ قریبی ملازمت تلاش کر سکتا ہوں؟", "response": "قریبی ملازمتیں تلاش کرنے کے لیے 'Nearby Jobs' سیکشن میں فلٹرز استعمال کریں۔" },
    { "id": 14, "text": "میں اپنی پروفائل میں تصویریں کیسے ڈالوں؟", "response": "پروفائل میں تصاویر شامل کرنے کے لیے 'Profile' > 'Edit' > 'Upload Photo' پر جائیں۔" },
    { "id": 15, "text": "کیا میں کسی دوسرے مل میں بھی کام کر سکتا ہوں؟", "response": "جی ہاں، 'Jobs' سیکشن میں مختلف ملز کے مواقع دیکھیں اور درخواست دیں۔" },
    { "id": 16, "text": "میں اپنی دستیابی کب تبدیل کر سکتا ہوں؟", "response": "اپنی دستیابی تبدیل کرنے کے لیے 'Availability' سیکشن میں جائیں اور نئی تاریخ یا وقت سیٹ کریں۔" },
    { "id": 17, "text": "نوکری کے بارے میں نوٹیفکیشن کیسے آن کریں؟", "response": "نوٹیفکیشن آن کرنے کے لیے 'Settings' > 'Notifications' میں جائیں اور متعلقہ آپشن آن کریں۔" },
    { "id": 18, "text": "میں ٹھیکیدار کے ساتھ کیسے رابطہ کروں؟", "response": "ٹھیکیدار سے رابطہ کرنے کے لیے 'Contractors' میں جائیں اور 'Contact' آپشن استعمال کریں۔" },
    { "id": 19, "text": "میری کام کی ریکارڈ کیسے دیکھیں؟", "response": "کام کی ریکارڈ دیکھنے کے لیے 'Work History' یا 'Attendance' سیکشن کھولیں۔" },
    { "id": 20, "text": "کیا میں اپنی تنخواہ کا حساب خود دیکھ سکتا ہوں؟", "response": "جی ہاں، 'Salary' سیکشن میں جائیں اور 'Salary Calculator' استعمال کریں۔" },
    { "id": 21, "text": "میں نئی مہارتیں کیسے سیکھ سکتا ہوں؟", "response": "نئی مہارتیں سیکھنے کے لیے 'Learning' یا 'Skills' سیکشن میں دستیاب کورسز دیکھیں۔" },
    { "id": 22, "text": "میں کسی شکایت یا مسئلے کی اطلاع کیسے دوں؟", "response": "شکایت یا مسئلے کی اطلاع دینے کے لیے 'Support' > 'Report Issue' استعمال کریں۔" },
    { "id": 23, "text": "میں کون سے ملز کے ساتھ کام کر چکا ہوں دیکھ سکتا ہوں؟", "response": "اپنے کام کیے گئے ملز دیکھنے کے لیے 'Work History' یا 'Jobs Completed' سیکشن کھولیں۔" },
    { "id": 24, "text": "کیا میں کسی دوست کو بھی ایپ پر لاؤ سکتا ہوں؟", "response": "جی ہاں، 'Invite Friends' آپشن استعمال کریں اور دوست کو ایپ پر مدعو کریں۔" },
    { "id": 25, "text": "میں اپنے کام کی تاریخ کیسے دیکھوں؟", "response": "اپنے کام کی تاریخ دیکھنے کے لیے 'Work History' یا 'Attendance' سیکشن استعمال کریں۔" },
    { "id": 26, "text": "کیا میں ادائیگی کے طریقے بدل سکتا ہوں؟", "response": "ادائیگی کے طریقے بدلنے کے لیے 'Settings' > 'Payment Methods' میں جائیں اور نیا طریقہ منتخب کریں۔" },
    { "id": 27, "text": "میں اپنی پروفائل بند کیسے کروں؟", "response": "پروفائل بند کرنے کے لیے 'Profile' > 'Settings' > 'Deactivate Account' استعمال کریں۔" },
    { "id": 28, "text": "میں نئی جگہ پر کیسے کام تلاش کروں؟", "response": "نئی جگہ پر کام تلاش کرنے کے لیے 'Jobs' سیکشن میں فلٹرز کے ذریعے مقام منتخب کریں۔" },
    { "id": 29, "text": "میں کام کے اوقات کیسے دیکھ سکتا ہوں؟", "response": "کام کے اوقات دیکھنے کے لیے 'Work Schedule' یا 'Shifts' سیکشن کھولیں۔" },
    { "id": 30, "text": "میں کس طرح اپنے کام کی درجہ بندی بڑھا سکتا ہوں؟", "response": "کام کی درجہ بندی بڑھانے کے لیے اچھا کام کریں، ریویوز حاصل کریں اور 'Ratings' اپ ڈیٹ کریں۔" }
  ]
}
